code;ville;prix;surface;note
00000;Lyon;24400;;commentaire libre numero 0
00001;Brest;16400;169,0;commentaire libre numero 1
00002;lyon;60900;131,6;commentaire libre numero 2
00003;Lille;16100;128,0;commentaire libre numero 3
00004;Lyon;NULL;167,9;commentaire libre numero 4
00005;Lyon;NULL;162,2;commentaire libre numero 5
00006;Lille;NULL;50,9;commentaire libre numero 6
00007;lyon;NULL;168,9;commentaire libre numero 7
00008;lyon;-;160,1;commentaire libre numero 8
00009;Paris;NULL;194,8;commentaire libre numero 9
00010;Paris;-;169,7;commentaire libre numero 10
00011;LYON;NULL;198,3;commentaire libre numero 11
00012;Lille;-;146,5;commentaire libre numero 12
00013;lyon;-;50,8;commentaire libre numero 13
00014;LYON;-;145,6;commentaire libre numero 14
00015;Lille;13000;166,5;commentaire libre numero 15
00016;Paris;-;168,7;commentaire libre numero 16
00017;Paris;-;198,1;commentaire libre numero 17
00018;Paris;-;92,6;commentaire libre numero 18
00019;Paris;77400;110,2;commentaire libre numero 19
00020;Lyon;20900;75,4;commentaire libre numero 20
00021;Caen;NULL;120,7;commentaire libre numero 21
00022;Caen;26000;160,4;commentaire libre numero 22
00023;Caen;-;111,6;commentaire libre numero 23
00024;LYON;32600;58,3;commentaire libre numero 24
00025;Paris;76400;170,2;commentaire libre numero 25
00026;LYON;35900;127,8;commentaire libre numero 26
00027;LYON;-;196,8;commentaire libre numero 27
00028;Paris;72200;194,8;commentaire libre numero 28
00029;Caen;49700;46,7;commentaire libre numero 29
00030;Nantes;73900;;commentaire libre numero 30
00031;LYON;30300;48,5;commentaire libre numero 31
00032;Lyon;70500;165,2;commentaire libre numero 32
00033;Lyon;-;38,3;commentaire libre numero 33
00034;Nantes ;NULL;108,9;commentaire libre numero 34
00035;lyon;46200;144,7;commentaire libre numero 35
00036;lyon;-;56,1;commentaire libre numero 36
00037;Paris;-;197,2;commentaire libre numero 37
00038;Lille;NULL;112,2;commentaire libre numero 38
00039;Lille;79600;96,1;commentaire libre numero 39
00040;LYON;-;111,3;commentaire libre numero 40
00041;Nantes;-;176,3;commentaire libre numero 41
00042;Nantes;NULL;152,7;commentaire libre numero 42
00043;Lyon;45400;91,7;commentaire libre numero 43
00044;Paris;-;109,5;commentaire libre numero 44
00045;Nantes;17200;140,3;commentaire libre numero 45
00046;Lyon;29900;142,5;commentaire libre numero 46
00047;Caen;74800;71,7;commentaire libre numero 47
00048;lyon;-;121,7;commentaire libre numero 48
00049;LYON;50100;63,2;commentaire libre numero 49
00050;LYON;24400;176,9;commentaire libre numero 50
00051;LYON;-;160,8;commentaire libre numero 51
00052;lyon;22400;154,2;commentaire libre numero 52
00053;Lyon;NULL;84,3;commentaire libre numero 53
00054;Brest;NULL;86,8;commentaire libre numero 54
00055;Brest;51900;137,9;commentaire libre numero 55
00056;Lille;NULL;58,8;commentaire libre numero 56
00057;LYON;10900;175,0;commentaire libre numero 57
00058;LYON;NULL;141,9;commentaire libre numero 58
00059;Brest;83200;194,8;commentaire libre numero 59
00060;lyon;65800;;commentaire libre numero 60
00061;Nantes;NULL;90,0;commentaire libre numero 61
00062;Lille;19000;27,1;commentaire libre numero 62
00063;Nantes ;NULL;135,8;commentaire libre numero 63
00064;Lille;NULL;86,8;commentaire libre numero 64
00065;Caen;NULL;51,6;commentaire libre numero 65
00066;Nantes;54200;129,1;commentaire libre numero 66
00067;lyon;-;59,5;commentaire libre numero 67
00068;Paris;NULL;76,1;commentaire libre numero 68
00069;Nantes;NULL;61,6;commentaire libre numero 69
00070;Caen;-;70,5;commentaire libre numero 70
00071;Lyon;-;106,8;commentaire libre numero 71
00072;Caen;55900;104,8;commentaire libre numero 72
00073;lyon;72800;78,1;commentaire libre numero 73
00074;Lyon;-;66,4;commentaire libre numero 74
00075;Nantes ;22200;123,2;commentaire libre numero 75
00076;Brest;61700;42,4;commentaire libre numero 76
00077;Caen;NULL;38,4;commentaire libre numero 77
00078;Nantes ;10700;41,9;commentaire libre numero 78
00079;lyon;-;136,0;commentaire libre numero 79
00080;Nantes ;65600;179,2;commentaire libre numero 80
00081;lyon;NULL;61,4;commentaire libre numero 81
00082;Nantes ;NULL;180,4;commentaire libre numero 82
00083;Nantes ;NULL;134,8;commentaire libre numero 83
00084;Brest;-;24,4;commentaire libre numero 84
00085;Lille;12700;161,3;commentaire libre numero 85
00086;Paris;NULL;47,6;commentaire libre numero 86
00087;Lille;59600;98,3;commentaire libre numero 87
00088;LYON;NULL;123,5;commentaire libre numero 88
00089;lyon;14500;180,4;commentaire libre numero 89
00090;lyon;53100;;commentaire libre numero 90
00091;Nantes;-;197,4;commentaire libre numero 91
00092;LYON;NULL;88,7;commentaire libre numero 92
00093;Brest;-;160,5;commentaire libre numero 93
00094;Nantes;-;111,2;commentaire libre numero 94
00095;lyon;43300;141,4;commentaire libre numero 95
00096;Nantes;NULL;149,0;commentaire libre numero 96
00000;LYON;18300;122,9;commentaire libre numero 97
00001;Nantes ;13200;97,3;commentaire libre numero 98
00002;Caen;NULL;103,7;commentaire libre numero 99
00003;Lyon;NULL;151,6;commentaire libre numero 100
00004;Lille;NULL;149,9;commentaire libre numero 101
00005;lyon;NULL;27,0;commentaire libre numero 102
00006;lyon;-;116,7;commentaire libre numero 103
00007;Lille;66100;194,3;commentaire libre numero 104
00008;Paris;59100;37,8;commentaire libre numero 105
00009;Paris;63800;84,1;commentaire libre numero 106
00010;Nantes;NULL;186,7;commentaire libre numero 107
00011;Paris;59500;195,4;commentaire libre numero 108
00012;lyon;NULL;173,2;commentaire libre numero 109
00013;LYON;-;23,7;commentaire libre numero 110
00014;lyon;-;197,3;commentaire libre numero 111
00015;Lille;-;93,7;commentaire libre numero 112
00016;Lille;56700;71,4;commentaire libre numero 113
00017;Nantes ;17700;137,1;commentaire libre numero 114
00018;Caen;-;73,3;commentaire libre numero 115
00019;LYON;16600;154,4;commentaire libre numero 116
00020;lyon;-;200,5;commentaire libre numero 117
00021;Caen;59900;26,2;commentaire libre numero 118
00022;Caen;59300;97,2;commentaire libre numero 119
00023;Brest;44200;;commentaire libre numero 120
00024;Brest;21300;106,6;commentaire libre numero 121
00025;Nantes ;21200;84,5;commentaire libre numero 122
00026;lyon;49200;112,6;commentaire libre numero 123
00027;Nantes ;86300;46,0;commentaire libre numero 124
00028;Nantes;NULL;88,6;commentaire libre numero 125
00029;Brest;NULL;129,0;commentaire libre numero 126
00030;Lille;73600;160,3;commentaire libre numero 127
00031;Caen;82600;135,9;commentaire libre numero 128
00032;Paris;-;32,8;commentaire libre numero 129
00033;Caen;26400;107,4;commentaire libre numero 130
00034;Caen;-;187,3;commentaire libre numero 131
00035;lyon;58400;62,2;commentaire libre numero 132
00036;Lille;30200;76,7;commentaire libre numero 133
00037;Caen;86700;55,8;commentaire libre numero 134
00038;LYON;28700;107,8;commentaire libre numero 135
00039;Brest;NULL;86,9;commentaire libre numero 136
00040;Caen;11000;125,8;commentaire libre numero 137
00041;Brest;-;35,7;commentaire libre numero 138
00042;LYON;-;195,8;commentaire libre numero 139
00043;lyon;NULL;89,3;commentaire libre numero 140
00044;Caen;49900;99,0;commentaire libre numero 141
00045;Paris;12300;170,7;commentaire libre numero 142
00046;Lille;16400;139,7;commentaire libre numero 143
00047;Nantes;34400;59,2;commentaire libre numero 144
00048;Paris;62400;41,8;commentaire libre numero 145
00049;LYON;88500;79,9;commentaire libre numero 146
00050;LYON;-;180,4;commentaire libre numero 147
00051;lyon;74100;45,1;commentaire libre numero 148
00052;Caen;NULL;86,3;commentaire libre numero 149
00053;Lyon;89900;;commentaire libre numero 150
00054;Nantes ;39800;100,3;commentaire libre numero 151
00055;Lille;NULL;83,0;commentaire libre numero 152
00056;Lyon;-;25,3;commentaire libre numero 153
00057;lyon;78000;85,3;commentaire libre numero 154
00058;Nantes;-;146,0;commentaire libre numero 155
00059;Brest;43600;194,6;commentaire libre numero 156
00060;Lille;-;37,3;commentaire libre numero 157
00061;Nantes;-;79,7;commentaire libre numero 158
00062;lyon;-;179,7;commentaire libre numero 159
00063;Paris;NULL;126,0;commentaire libre numero 160
00064;Lyon;23900;74,0;commentaire libre numero 161
00065;Lyon;23500;35,2;commentaire libre numero 162
00066;lyon;-;40,2;commentaire libre numero 163
00067;Lille;NULL;139,0;commentaire libre numero 164
00068;Brest;77000;104,7;commentaire libre numero 165
00069;lyon;26300;91,1;commentaire libre numero 166
00070;Lille;44900;73,6;commentaire libre numero 167
00071;Caen;-;42,0;commentaire libre numero 168
00072;Brest;NULL;158,7;commentaire libre numero 169
00073;Paris;-;27,6;commentaire libre numero 170
00074;Lyon;73000;116,0;commentaire libre numero 171
00075;Nantes ;56500;69,1;commentaire libre numero 172
00076;Nantes ;-;105,9;commentaire libre numero 173
00077;Nantes ;-;96,0;commentaire libre numero 174
00078;Lyon;82800;79,1;commentaire libre numero 175
00079;Caen;82200;84,6;commentaire libre numero 176
00080;LYON;22500;22,4;commentaire libre numero 177
00081;Nantes;NULL;103,5;commentaire libre numero 178
00082;Lille;56100;70,6;commentaire libre numero 179
00083;Caen;NULL;;commentaire libre numero 180
00084;Paris;15600;161,8;commentaire libre numero 181
00085;lyon;25400;38,4;commentaire libre numero 182
00086;lyon;NULL;127,7;commentaire libre numero 183
00087;Nantes;NULL;54,6;commentaire libre numero 184
00088;Lille;NULL;190,1;commentaire libre numero 185
00089;Nantes ;-;165,4;commentaire libre numero 186
00090;Nantes;-;132,3;commentaire libre numero 187
00091;LYON;NULL;92,9;commentaire libre numero 188
00092;Caen;28200;84,3;commentaire libre numero 189
00093;lyon;NULL;187,7;commentaire libre numero 190
00094;Paris;12700;79,7;commentaire libre numero 191
00095;Nantes;-;50,0;commentaire libre numero 192
00096;lyon;NULL;115,8;commentaire libre numero 193
00000;Lyon;-;47,9;commentaire libre numero 194
00001;Nantes;-;29,5;commentaire libre numero 195
00002;Nantes;43800;85,0;commentaire libre numero 196
00003;Lyon;NULL;103,6;commentaire libre numero 197
00004;Nantes ;NULL;39,3;commentaire libre numero 198
00005;lyon;59700;124,1;commentaire libre numero 199
00006;Lille;NULL;43,2;commentaire libre numero 200
00007;Caen;-;92,4;commentaire libre numero 201
00008;Brest;-;126,6;commentaire libre numero 202
00009;Nantes;-;120,6;commentaire libre numero 203
00010;LYON;9600;128,1;commentaire libre numero 204
00011;Paris;-;61,2;commentaire libre numero 205
00012;Caen;NULL;42,9;commentaire libre numero 206
00013;LYON;NULL;109,4;commentaire libre numero 207
00014;lyon;NULL;47,6;commentaire libre numero 208
00015;Nantes ;NULL;52,0;commentaire libre numero 209
00016;Caen;58400;;commentaire libre numero 210
00017;Nantes;NULL;178,6;commentaire libre numero 211
00018;LYON;29000;164,3;commentaire libre numero 212
00019;Caen;NULL;111,1;commentaire libre numero 213
00020;Lyon;NULL;163,0;commentaire libre numero 214
00021;Caen;77300;173,7;commentaire libre numero 215
00022;Caen;-;98,9;commentaire libre numero 216
00023;Brest;52500;134,8;commentaire libre numero 217
00024;Lyon;53800;178,7;commentaire libre numero 218
00025;Paris;33000;65,7;commentaire libre numero 219
00026;LYON;49900;111,6;commentaire libre numero 220
00027;Lille;18300;150,0;commentaire libre numero 221
00028;lyon;NULL;100,8;commentaire libre numero 222
00029;LYON;14500;26,1;commentaire libre numero 223
00030;Nantes;71800;53,7;commentaire libre numero 224
00031;lyon;NULL;109,9;commentaire libre numero 225
00032;Brest;NULL;177,4;commentaire libre numero 226
00033;Lille;-;142,3;commentaire libre numero 227
00034;Brest;NULL;115,0;commentaire libre numero 228
00035;LYON;27600;182,4;commentaire libre numero 229
00036;LYON;42500;87,1;commentaire libre numero 230
00037;Brest;87600;135,8;commentaire libre numero 231
00038;Nantes ;62300;157,6;commentaire libre numero 232
00039;Caen;-;114,9;commentaire libre numero 233
00040;lyon;-;133,3;commentaire libre numero 234
00041;Nantes ;27000;152,4;commentaire libre numero 235
00042;Lyon;-;28,3;commentaire libre numero 236
00043;Caen;38700;151,5;commentaire libre numero 237
00044;Nantes;22500;176,0;commentaire libre numero 238
00045;Brest;11200;97,1;commentaire libre numero 239
00004;Lyon;NULL;167,9;commentaire libre numero 4
00004;Lyon;NULL;167,9;commentaire libre numero 4
00011;LYON;NULL;198,3;commentaire libre numero 11
