wine_id,producer,region,grape_variety,color,vintage,alcohol_pct,ph,residual_sugar_g_l,sulphates_mg_l,quality_score,price_eur
1357,Tenuta Rossi,Bordeaux,Riesling,White,2010,12.5,2.9,7.1,57,,8.96
1245,Domaine Lafont,Mendoza,Chardonnay,Red,2014,13.0,3.54,1.8,79,5,46.53
1389,Domaine Perrier,Tuscany,Sauvignon Blanc,White,2010,14.4,3.24,8.3,79,6,19.43
1117,Chateau Beaumont,Napa Valley,Grenache,White,2005,14.3,3.36,8.9,101,8,22.77
1199,Clos Saint-Marc,Rioja,Riesling,White,2005,11.4,3.26,9.3,92,8,58.06
1128,Weingut Muller,Douro,Cabernet Sauvignon,Rose,2021,12.7,3.38,5.0,82,7,38.28
1310,Quinta Nova,Mendoza,Merlot,Rose,2012,10.8,3.15,1.2,87,5,8.4
1206,Tenuta Rossi,Tuscany,Pinot Noir,Red,2005,15.0,3.63,0.6,47,7,58.76
1042,Quinta Nova,Bordeaux,Riesling,Red,2022,13.6,3.28,0.9,116,6,16.4
1343,Tenuta Bianchi,Napa Valley,Tempranillo,Red,2023,13.9,3.76,0.3,55,9,17.8
1191,Tenuta Bianchi,Champagne,Tempranillo,White,2008,12.1,3.41,1.0,123,6,14.76
1030,Chateau Lacroix,Bordeaux,Tempranillo,Red,2007,11.4,3.62,2.2,64,7,6.29
1165,Weingut Muller,Bordeaux,Merlot,White,2014,13.1,3.16,3.7,63,5,11.97
1048,Vina Real,Champagne,Sauvignon Blanc,Red,2008,13.8,3.32,0.3,109,7,22.04
1373,Bodega Del Sol,Mendoza,Grenache,Rose,2015,12.2,3.26,3.4,72,8,15.99
1394,Tenuta Rossi,Tuscany,Cabernet Sauvignon,Red,2022,11.8,3.12,1.4,110,5,15.4
1208,Chateau Beaumont,Tuscany,Pinot Noir,Red,2012,12.7,3.31,0.3,46,7,30.19
1099,Cantina Antica,Bordeaux,Tempranillo,Red,2009,13.6,3.42,8.5,60,7,16.26
1157,Chateau Beaumont,Rioja,Tempranillo,Red,2005,13.3,3.42,1.0,163,6,35.17
1019,Chateau Lacroix,Barossa Valley,Sauvignon Blanc,Red,2021,15.2,3.52,0.9,107,6,21.66
1201,Cantina Antica,Rioja,Chardonnay,White,2012,9.5,3.37,2.5,98,9,8.52
1408,Clos des Cimes,Bordeaux,Malbec,Red,2016,12.4,3.43,0.3,44,5,7.6
1025,Tenuta Rossi,Tuscany,Cabernet Sauvignon,Rose,2013,13.5,3.6,1.6,38,7,12.34
1103,Bodega Del Sol,Bordeaux,Syrah,White,2021,10.1,3.06,4.5,97,6,16.68
1066,Chateau Lacroix,Barossa Valley,Chardonnay,Rose,2016,12.6,3.35,1.5,96,4,23.02
1335,Clos des Cimes,Tuscany,Syrah,Red,2022,14.5,3.5,1.0,121,6,11.47
1172,Chateau Roussel,Bordeaux,Tempranillo,Red,2007,12.8,3.85,0.3,59,5,14.6
1054,Domaine Girard,Mosel,Pinot Noir,White,2018,11.2,2.99,1.2,64,8,34.79
1218,Chateau Roussel,Bordeaux,Cabernet Sauvignon,White,2013,12.4,3.13,1.8,85,,25.8
1123,Chateau Lacroix,Mendoza,Sauvignon Blanc,Red,2008,13.7,3.57,1.1,59,6,8.0
1382,Domaine Lafont,Barossa Valley,Grenache,Red,2009,12.8,3.31,0.8,68,7,34.98
1004,Bodega Serrano,Rioja,Syrah,White,2011,11.2,2.9,6.1,91,8,25.74
1235,Chateau Lacroix,Rioja,Cabernet Sauvignon,Red,2017,12.6,3.24,3.6,117,6,17.51
1259,Cantina Antica,Champagne,Cabernet Sauvignon,Red,2006,12.4,3.43,2.2,105,4,25.51
1185,Clos Saint-Marc,Mosel,Pinot Noir,Red,2019,15.5,3.5,0.6,124,8,10.24
1159,Domaine Girard,Bordeaux,Pinot Noir,Red,2012,11.6,3.34,3.0,47,8,52.58
1209,Tenuta Bianchi,Napa Valley,Cabernet Sauvignon,Rose,2016,10.9,3.28,2.1,78,7,6.18
1112,Bodega Serrano,Barossa Valley,Syrah,White,2007,11.1,3.1,2.7,76,4,11.88
1068,Domaine Perrier,Bordeaux,Tempranillo,Red,2015,13.8,3.29,0.3,98,8,27.06
1250,Weingut Hoffmann,Mendoza,Tempranillo,White,2010,13.3,3.33,0.9,110,7,32.21
1322,Domaine Perrier,Bordeaux,Merlot,Rose,2013,13.2,3.36,0.3,36,7,20.03
1179,Cantina Antica,Mendoza,Riesling,White,2008,11.2,3.09,4.9,33,6,32.43
1013,Chateau Beaumont,Tuscany,Tempranillo,Red,2008,14.9,3.62,0.5,104,7,14.78
1390,Domaine Lafont,Priorat,Grenache,Red,2014,12.9,3.51,0.3,89,8,14.71
1139,Clos Saint-Marc,Barossa Valley,Riesling,White,2021,11.9,3.08,5.1,50,6,21.93
1388,Bodega Del Sol,Bordeaux,Tempranillo,White,2022,12.3,3.0,0.8,97,5,20.58
1412,Bodega Serrano,Mosel,Cabernet Sauvignon,Red,2014,13.6,3.65,2.5,74,6,7.42
1119,Bodega Serrano,Rioja,Syrah,White,2017,12.7,3.28,5.1,63,7,15.07
1140,Vina Alta,Tuscany,Merlot,Red,2023,11.3,3.53,1.4,115,7,23.32
1212,Chateau Beaumont,Tuscany,Merlot,Red,2012,13.2,3.48,1.6,42,5,16.46
1222,Tenuta Rossi,Napa Valley,Pinot Noir,White,2007,11.0,2.9,3.6,92,7,15.75
1110,Domaine Girard,Rioja,Merlot,Rose,2009,11.6,3.22,4.9,133,8,20.05
1132,Cantina Antica,Rioja,Cabernet Sauvignon,White,2012,11.8,3.1,3.6,138,8,42.3
1152,Domaine Girard,Rioja,Malbec,Red,2012,11.9,3.5,3.1,130,3,26.74
1052,Clos Saint-Marc,Napa Valley,Sauvignon Blanc,White,2008,11.1,3.18,3.5,54,6,50.03
1160,Chateau Beaumont,Mendoza,Syrah,Red,2008,11.6,3.65,1.0,124,6,19.79
1295,Weingut Hoffmann,Rioja,Pinot Noir,Red,2023,13.4,3.89,1.3,82,8,31.41
1111,Clos Saint-Marc,Rioja,Sauvignon Blanc,White,2011,12.9,3.15,1.4,20,7,18.88
1237,Domaine Perrier,Douro,Pinot Noir,White,2008,10.2,3.2,7.7,162,5,
1304,Domaine Lafont,Rioja,Riesling,Red,2013,13.4,3.59,3.0,162,8,19.35
1275,Quinta Do Vale,Bordeaux,Pinot Noir,White,2012,12.7,3.29,9.7,109,6,61.68
1279,Domaine Perrier,Tuscany,Grenache,Red,2023,14.1,3.71,5.3,105,7,55.79
1043,Domaine Lafont,Napa Valley,Syrah,White,2020,12.4,3.06,2.1,51,9,26.74
1270,Cantina Verde,Napa Valley,Grenache,Rose,2006,12.2,3.13,16.0,57,7,34.14
1038,Quinta Nova,Mendoza,Malbec,Red,2007,11.8,3.56,0.3,92,7,50.51
1364,Bodega Del Sol,Tuscany,Riesling,Red,2014,12.9,3.52,1.3,93,7,20.75
1192,Clos des Cimes,Tuscany,Riesling,White,2020,13.8,3.06,2.4,147,7,20.46
1264,Chateau Lacroix,Barossa Valley,Merlot,Red,2022,14.5,3.25,2.1,103,4,10.47
1265,Quinta Do Vale,Tuscany,Syrah,Rose,2006,13.2,3.26,4.5,135,5,37.36
1221,Tenuta Rossi,Priorat,Tempranillo,White,2014,12.3,2.95,6.2,66,7,18.46
1386,Bodega Serrano,Barossa Valley,Malbec,Red,2012,13.9,3.75,2.2,93,8,16.41
1387,Vina Real,Priorat,Grenache,Red,2016,14.3,3.65,3.7,150,6,19.31
1009,Bodega Serrano,Napa Valley,Pinot Noir,White,2010,10.1,3.07,0.9,104,6,19.78
1194,Chateau Beaumont,Tuscany,Chardonnay,Red,2012,14.3,3.61,1.5,69,8,26.61
1311,Quinta Do Vale,Douro,Riesling,Red,2015,13.6,3.34,2.1,47,7,18.82
1402,Domaine Perrier,Rioja,Tempranillo,White,2011,12.1,3.2,3.4,65,4,24.77
1197,Domaine Lafont,Rioja,Riesling,White,2006,12.1,3.13,0.8,109,6,
1378,Chateau Roussel,Bordeaux,Syrah,Red,2019,13.0,3.51,0.3,106,5,13.92
1415,Bodega Serrano,Tuscany,Chardonnay,Red,2013,13.6,3.6,0.4,69,7,6.0
1383,Bodega Serrano,Mendoza,Malbec,White,2007,10.7,3.03,4.5,98,6,16.92
1399,Quinta Nova,Bordeaux,Tempranillo,White,2008,12.4,3.16,7.8,131,6,9.2
1278,Tenuta Rossi,Napa Valley,Sauvignon Blanc,Red,2011,13.2,3.27,1.0,81,6,68.83
1090,Bodega Del Sol,Rioja,Tempranillo,Rose,2020,11.8,3.3,1.7,60,6,19.06
1045,Bodega Serrano,Rioja,Grenache,White,2020,11.0,3.1,3.1,81,7,28.02
1306,Chateau Lacroix,Bordeaux,Tempranillo,Red,2005,13.5,3.25,0.3,60,5,42.33
1283,Bodega Del Sol,Tuscany,Riesling,Red,2017,13.3,3.52,0.7,143,6,27.33
1040,Domaine Girard,Napa Valley,Sauvignon Blanc,Red,2017,12.1,3.69,0.3,79,6,22.59
1018,Clos Saint-Marc,Mosel,Cabernet Sauvignon,Rose,2023,12.9,3.25,1.3,156,5,37.31
1007,Weingut Hoffmann,Bordeaux,Pinot Noir,Red,2007,12.4,3.68,1.5,20,5,24.77
1166,Tenuta Bianchi,Tuscany,Pinot Noir,White,2015,11.6,3.42,4.3,92,8,34.35
1406,Tenuta Rossi,Bordeaux,Sauvignon Blanc,Red,2019,11.9,3.26,0.3,125,,22.81
1309,Chateau Roussel,Rioja,Grenache,Red,2016,13.8,3.69,1.3,67,7,17.84
1258,Chateau Roussel,Rioja,Chardonnay,White,2008,12.0,3.09,6.0,143,8,18.05
1203,Chateau Roussel,Barossa Valley,Syrah,Red,2019,13.3,3.58,0.6,72,6,10.52
1288,Vina Real,Bordeaux,Tempranillo,Red,2011,12.2,3.34,1.3,123,8,9.29
1065,Bodega Serrano,Rioja,Grenache,Red,2023,13.0,3.8,0.3,86,6,90.89
1328,Weingut Muller,Mendoza,Syrah,Red,2013,14.3,3.36,1.4,83,6,12.25
1124,Weingut Muller,Bordeaux,Cabernet Sauvignon,Red,2015,13.8,3.27,0.4,142,9,14.77
1135,Cantina Antica,Tuscany,Pinot Noir,White,2019,11.7,3.47,2.9,57,5,9.44
1060,Vina Real,Priorat,Pinot Noir,Red,2006,15.2,3.87,1.0,99,6,29.79
1312,Bodega Serrano,Rioja,Syrah,Red,2022,11.7,3.37,1.0,59,8,25.97
1080,Quinta Do Vale,Bordeaux,Riesling,Red,2015,12.9,3.32,7.8,21,8,10.51
1353,Weingut Muller,Rioja,Tempranillo,White,2021,12.7,2.98,6.3,60,7,
1315,Domaine Girard,Douro,Syrah,Red,2021,14.4,3.46,3.7,141,6,47.62
1182,Weingut Muller,Douro,Merlot,Red,2018,15.5,3.19,3.4,94,4,19.58
1061,Chateau Roussel,Tuscany,Merlot,White,2022,11.3,3.26,7.6,97,6,31.46
1358,Bodega Del Sol,Bordeaux,Tempranillo,White,2013,11.3,3.38,7.4,88,6,35.88
1046,Vina Alta,Champagne,Pinot Noir,White,2011,11.9,3.01,5.4,20,4,32.67
1184,Bodega Serrano,Bordeaux,Tempranillo,White,2007,12.3,2.98,4.3,81,8,44.49
1129,Chateau Lacroix,Barossa Valley,Sauvignon Blanc,Red,2020,13.7,3.64,2.0,119,6,15.27
1008,Tenuta Rossi,Mendoza,Syrah,White,2014,10.9,3.23,2.4,123,9,34.59
1063,Clos des Cimes,Barossa Valley,Pinot Noir,White,2007,11.2,3.04,6.9,68,6,26.12
1249,Weingut Muller,Douro,Cabernet Sauvignon,White,2010,10.9,3.49,7.9,81,7,16.63
1148,Bodega Serrano,Napa Valley,Tempranillo,Red,2007,11.6,3.42,0.3,82,6,26.43
1015,Vina Real,Rioja,Riesling,White,2009,12.3,3.27,0.9,118,7,8.29
1356,Vina Alta,Tuscany,Cabernet Sauvignon,Red,2014,11.5,3.65,0.5,137,5,43.58
1127,Chateau Beaumont,Barossa Valley,Chardonnay,Red,2023,13.9,3.47,0.3,121,8,13.33
1285,Chateau Roussel,Douro,Cabernet Sauvignon,Rose,2008,12.2,3.08,9.3,86,8,7.62
1181,Vina Alta,Bordeaux,Chardonnay,Red,2006,12.3,3.39,2.3,119,6,96.81
1301,Quinta Do Vale,Mendoza,Merlot,Red,2014,13.2,3.25,2.2,100,5,48.14
1319,Domaine Lafont,Rioja,Riesling,Red,2020,14.5,3.43,0.3,83,7,8.94
1195,Vina Real,Mendoza,Pinot Noir,White,2016,10.1,3.1,7.6,133,8,31.01
1273,Quinta Do Vale,Bordeaux,Sauvignon Blanc,Red,2007,12.8,3.43,0.7,65,5,22.2
1260,Chateau Lacroix,Bordeaux,Grenache,White,2015,10.9,3.15,8.6,180,6,18.99
1178,Vina Real,Tuscany,Tempranillo,White,2010,12.2,3.17,8.6,83,8,10.7
1226,Weingut Hoffmann,Tuscany,Syrah,Red,2013,12.5,3.65,0.8,48,5,16.0
1220,Tenuta Bianchi,Rioja,Cabernet Sauvignon,Red,2023,12.3,3.43,0.3,62,5,11.9
1031,Weingut Hoffmann,Douro,Merlot,White,2012,13.2,3.55,4.6,90,9,16.03
1120,Weingut Hoffmann,Rioja,Grenache,Red,2012,15.5,3.4,5.4,86,5,15.14
1076,Cantina Antica,Napa Valley,Tempranillo,Red,2012,13.7,3.48,4.7,52,6,19.37
1305,Vina Real,Rioja,Chardonnay,White,2011,12.1,3.28,2.4,124,4,10.27
1414,Vina Alta,Bordeaux,Malbec,Red,2017,13.7,3.45,2.2,68,7,23.04
1000,Cantina Verde,Bordeaux,Sauvignon Blanc,White,2012,12.3,3.21,8.1,83,6,
1228,Quinta Nova,Tuscany,Syrah,Rose,2018,12.2,3.21,2.7,56,7,20.64
1341,Chateau Roussel,Napa Valley,Pinot Noir,Red,2021,13.2,3.39,3.0,148,6,21.87
1298,Chateau Lacroix,Barossa Valley,Tempranillo,White,2018,12.7,3.22,3.2,77,3,14.92
1126,Chateau Lacroix,Mendoza,Cabernet Sauvignon,White,2020,11.8,3.41,2.2,48,6,55.15
1138,Tenuta Rossi,Mosel,Sauvignon Blanc,White,2014,11.5,3.24,4.0,52,,46.67
1161,Tenuta Bianchi,Tuscany,Grenache,Rose,2007,12.6,3.13,1.5,86,8,28.38
1261,Domaine Perrier,Mendoza,Riesling,Red,2022,14.4,3.26,0.6,82,7,20.35
1198,Weingut Hoffmann,Rioja,Chardonnay,White,2015,11.9,3.22,3.3,108,6,19.1
1253,Quinta Do Vale,Napa Valley,Pinot Noir,White,2006,14.5,3.18,4.5,69,6,29.4
1097,Domaine Perrier,Champagne,Grenache,White,2019,12.1,3.28,6.8,34,7,35.73
1047,Weingut Muller,Rioja,Riesling,Red,2013,13.7,3.52,0.8,52,5,13.12
1051,Domaine Girard,Mendoza,Sauvignon Blanc,Red,2011,12.3,3.61,2.7,96,6,12.22
1314,Weingut Hoffmann,Barossa Valley,Syrah,Red,2023,11.6,3.75,0.3,70,8,34.77
1294,Weingut Hoffmann,Rioja,Riesling,White,2013,12.6,3.41,9.4,93,,33.43
1320,Cantina Verde,Napa Valley,Malbec,Red,2010,13.1,3.22,0.3,28,6,
1142,Bodega Serrano,Mendoza,Malbec,White,2017,9.7,3.28,3.3,160,6,17.71
1102,Vina Real,Tuscany,Merlot,White,2022,13.3,3.17,2.3,46,7,12.71
1168,Weingut Hoffmann,Rioja,Pinot Noir,White,2017,14.5,3.4,4.2,20,6,30.95
1069,Tenuta Bianchi,Napa Valley,Merlot,White,2005,11.9,3.24,3.2,87,8,25.2
1337,Domaine Lafont,Bordeaux,Sauvignon Blanc,Red,2014,14.1,3.49,0.9,151,5,48.55
1001,Weingut Hoffmann,Napa Valley,Riesling,White,2012,11.2,3.2,13.1,110,7,15.01
1217,Vina Real,Bordeaux,Malbec,Red,2017,12.8,3.66,5.9,38,5,12.0
1323,Weingut Muller,Bordeaux,Merlot,White,2006,11.9,3.33,4.9,111,6,17.75
1367,Domaine Lafont,Napa Valley,Chardonnay,Red,2011,13.1,3.36,0.3,33,6,11.07
1016,Cantina Antica,Tuscany,Cabernet Sauvignon,Rose,2007,12.7,3.2,0.5,21,8,
1292,Vina Real,Mendoza,Merlot,Red,2009,14.4,3.36,0.3,74,5,10.46
1214,Weingut Hoffmann,Bordeaux,Pinot Noir,Red,2020,13.0,3.4,0.6,104,7,25.09
1284,Weingut Muller,Napa Valley,Grenache,Red,2020,13.7,3.48,0.8,69,5,32.8
1338,Chateau Beaumont,Napa Valley,Merlot,White,2019,11.6,3.23,3.2,97,9,9.98
1053,Bodega Del Sol,Napa Valley,Cabernet Sauvignon,White,2012,14.0,3.07,5.2,142,6,33.05
1036,Weingut Hoffmann,Tuscany,Sauvignon Blanc,White,2020,13.0,3.18,6.8,110,8,
1239,Tenuta Bianchi,Bordeaux,Merlot,Red,2021,13.3,3.56,0.6,21,5,18.84
1153,Weingut Muller,Barossa Valley,Pinot Noir,Red,2022,11.2,3.53,1.9,99,6,41.88
1333,Chateau Beaumont,Tuscany,Syrah,Rose,2013,11.1,3.21,1.3,110,7,17.35
1293,Tenuta Bianchi,Tuscany,Tempranillo,White,2016,10.5,2.99,8.6,105,7,19.48
1246,Vina Real,Rioja,Merlot,White,2011,10.5,2.95,11.1,67,7,9.27
1108,Domaine Perrier,Rioja,Sauvignon Blanc,Red,2019,12.6,3.37,3.2,158,7,25.09
1349,Domaine Lafont,Napa Valley,Malbec,White,2022,12.7,3.11,3.0,127,8,21.46
1073,Vina Alta,Bordeaux,Sauvignon Blanc,White,2008,13.9,3.04,1.2,30,4,10.03
1174,Bodega Del Sol,Rioja,Sauvignon Blanc,Red,2023,15.0,3.74,0.5,64,7,44.27
1106,Chateau Beaumont,Napa Valley,Sauvignon Blanc,Rose,2011,12.1,3.54,0.4,81,,18.03
1251,Bodega Serrano,Bordeaux,Malbec,White,2005,13.5,2.9,7.8,50,6,40.99
1355,Quinta Do Vale,Mendoza,Grenache,White,2021,10.9,2.93,4.0,109,6,223.79
1202,Tenuta Rossi,Mendoza,Grenache,Red,2021,14.6,3.78,0.3,20,8,13.92
1143,Domaine Perrier,Barossa Valley,Cabernet Sauvignon,Rose,2019,12.0,3.08,3.5,91,7,26.08
1205,Bodega Serrano,Bordeaux,Chardonnay,White,2017,10.4,3.13,2.4,125,7,16.52
1339,Vina Real,Mendoza,Syrah,Rose,2010,10.6,3.27,5.7,131,7,11.54
1398,Clos des Cimes,Bordeaux,Sauvignon Blanc,Red,2019,15.5,3.74,0.6,80,6,21.62
1088,Cantina Antica,Tuscany,Merlot,Red,2021,14.0,3.82,1.0,78,6,11.59
1072,Vina Real,Douro,Merlot,White,2018,12.8,3.1,7.0,66,7,6.0
1003,Domaine Girard,Napa Valley,Syrah,White,2011,11.9,3.1,2.2,112,7,11.37
1095,Cantina Antica,Napa Valley,Malbec,Red,2016,14.3,3.52,0.9,46,6,33.74
1098,Chateau Lacroix,Bordeaux,Chardonnay,Red,2009,13.6,3.45,1.6,141,5,20.46
1391,Weingut Muller,Napa Valley,Grenache,White,2019,11.5,3.23,1.8,189,7,31.29
1109,Weingut Muller,Mendoza,Cabernet Sauvignon,White,2019,12.4,3.16,9.1,56,7,28.14
1183,Bodega Del Sol,Tuscany,Tempranillo,Red,2007,12.0,3.69,3.2,51,7,38.23
1300,Bodega Serrano,Bordeaux,Cabernet Sauvignon,Red,2012,11.9,3.05,0.3,48,7,17.78
1101,Vina Alta,Bordeaux,Sauvignon Blanc,Red,2009,11.9,3.4,1.8,83,7,9.0
1092,Bodega Del Sol,Tuscany,Syrah,Rose,2021,12.3,3.22,5.8,43,6,6.0
1252,Cantina Antica,Napa Valley,Cabernet Sauvignon,Red,2023,13.3,3.36,1.8,63,5,31.51
1219,Chateau Lacroix,Bordeaux,Pinot Noir,Red,2018,13.7,3.58,0.6,72,4,27.72
1130,Quinta Do Vale,Rioja,Syrah,White,2013,11.7,3.38,4.9,65,7,27.92
1211,Chateau Roussel,Bordeaux,Grenache,White,2016,12.2,3.13,7.2,49,6,43.54
1267,Domaine Lafont,Napa Valley,Sauvignon Blanc,Red,2015,11.1,3.6,0.3,41,5,45.73
1081,Vina Alta,Bordeaux,Riesling,Red,2009,13.0,3.38,0.3,50,8,29.83
1125,Chateau Roussel,Barossa Valley,Grenache,White,2021,12.6,2.95,7.4,103,5,30.69
1375,Domaine Girard,Mendoza,Sauvignon Blanc,Red,2012,13.8,3.65,1.2,47,8,59.56
1100,Tenuta Rossi,Rioja,Syrah,Red,2015,13.5,3.39,0.8,84,6,29.48
1131,Bodega Serrano,Champagne,Merlot,Red,2019,12.5,3.22,0.6,84,8,15.43
1022,Bodega Serrano,Rioja,Cabernet Sauvignon,Red,2011,12.8,3.23,1.0,157,4,14.53
1318,Weingut Hoffmann,Napa Valley,Grenache,White,2021,11.1,2.98,2.2,77,8,22.18
1243,Chateau Roussel,Rioja,Pinot Noir,White,2020,11.5,3.24,3.5,87,6,36.13
1223,Domaine Girard,Mendoza,Tempranillo,Rose,2012,12.1,3.26,3.2,106,4,23.12
1137,Chateau Roussel,Rioja,Sauvignon Blanc,Red,2014,12.3,3.37,0.7,94,8,19.25
1282,Quinta Do Vale,Rioja,Cabernet Sauvignon,White,2013,8.5,2.97,4.1,73,7,57.4
1005,Cantina Verde,Mendoza,Cabernet Sauvignon,Red,2006,13.7,3.31,0.3,39,5,11.13
1050,Clos des Cimes,Bordeaux,Chardonnay,Red,2022,13.5,3.51,1.4,83,7,41.15
1071,Tenuta Rossi,Rioja,Tempranillo,Rose,2008,12.6,3.44,2.4,141,6,22.2
1410,Chateau Lacroix,Napa Valley,Cabernet Sauvignon,Rose,2010,12.2,3.05,0.7,78,8,21.62
1417,Cantina Verde,Mendoza,Chardonnay,Red,2015,12.8,3.56,1.3,147,6,20.24
1224,Vina Alta,Bordeaux,Pinot Noir,White,2011,12.8,3.28,16.8,122,7,17.17
1134,Tenuta Bianchi,Bordeaux,Cabernet Sauvignon,White,2020,12.7,3.43,0.7,26,5,14.71
1324,Clos Saint-Marc,Mendoza,Malbec,Rose,2012,12.5,3.21,2.9,20,6,
1049,Chateau Lacroix,Bordeaux,Malbec,Rose,2012,12.6,3.11,4.1,79,6,41.35
1380,Weingut Hoffmann,Rioja,Grenache,Red,2018,12.6,3.42,3.2,62,4,76.41
1307,Tenuta Bianchi,Mosel,Sauvignon Blanc,Rose,2012,12.5,3.17,3.4,98,6,6.51
1014,Tenuta Rossi,Barossa Valley,Riesling,Red,2006,12.7,3.3,1.3,140,4,6.0
1268,Bodega Serrano,Barossa Valley,Riesling,Red,2007,13.6,3.33,0.6,128,7,16.66
1023,Domaine Lafont,Bordeaux,Malbec,White,2010,11.9,2.99,12.8,84,9,32.29
1361,Vina Alta,Douro,Chardonnay,Red,2023,12.8,3.31,1.4,162,6,10.86
1114,Weingut Hoffmann,Mendoza,Riesling,Rose,2018,12.7,3.2,2.8,50,9,44.74
1411,Bodega Serrano,Priorat,Grenache,Rose,2022,11.5,3.24,4.5,106,7,46.66
1327,Chateau Beaumont,Rioja,Cabernet Sauvignon,White,2016,10.9,2.93,2.2,104,4,35.17
1158,Vina Real,Mendoza,Grenache,Rose,2013,12.8,3.27,3.8,117,6,49.59
1102,Vina Real,Tuscany,Merlot,White,2022,13.3,3.17,2.3,46,7,12.71
1006,Quinta Nova,Napa Valley,Pinot Noir,White,2009,12.0,3.38,2.4,118,6,20.3
1401,Tenuta Rossi,Champagne,Tempranillo,Red,2023,10.5,3.36,1.0,202,8,25.5
1029,Clos des Cimes,Rioja,Tempranillo,Red,2007,13.1,3.79,2.5,114,6,7.32
1342,Weingut Muller,Barossa Valley,Pinot Noir,Red,2015,14.5,3.63,0.3,126,7,27.77
1173,Cantina Verde,Napa Valley,Tempranillo,Red,2017,13.0,3.41,2.8,84,4,18.34
1035,Vina Real,Mendoza,Malbec,White,2005,12.9,3.1,3.4,112,5,67.14
1325,Quinta Do Vale,Rioja,Cabernet Sauvignon,Red,2021,14.2,3.66,0.9,139,7,18.75
1230,Tenuta Rossi,Tuscany,Malbec,Red,2005,13.5,3.73,1.4,46,7,7.48
1392,Vina Alta,Napa Valley,Pinot Noir,Red,2023,13.3,3.32,2.7,106,7,17.3
1404,Chateau Beaumont,Tuscany,Cabernet Sauvignon,White,2015,13.8,3.26,0.7,108,4,17.58
1416,Clos des Cimes,Barossa Valley,Grenache,White,2023,14.1,3.08,1.1,20,7,35.81
1400,Domaine Girard,Rioja,Malbec,Red,2005,11.0,3.45,1.6,124,4,38.04
1086,Quinta Do Vale,Mendoza,Riesling,Red,2016,15.2,3.67,2.2,81,5,8.1
1113,Cantina Verde,Priorat,Pinot Noir,Red,2020,14.7,3.54,1.1,44,6,10.84
1236,Vina Alta,Mendoza,Grenache,Red,2015,13.3,3.36,1.9,133,5,21.09
1232,Vina Real,Bordeaux,Cabernet Sauvignon,Red,2009,12.6,3.28,0.3,100,5,17.71
1413,Tenuta Rossi,Bordeaux,Riesling,Red,2007,14.7,3.3,2.3,107,8,8.92
1144,Cantina Verde,Tuscany,Cabernet Sauvignon,White,2011,13.3,3.25,3.9,108,6,8.7
1204,Clos Saint-Marc,Tuscany,Chardonnay,Red,2014,11.5,3.59,0.3,72,8,23.0
1037,Domaine Lafont,Tuscany,Grenache,Red,2007,13.1,3.42,1.5,72,7,9.52
1170,Tenuta Rossi,Rioja,Malbec,Rose,2005,13.0,3.31,6.6,81,5,
1289,Quinta Nova,Bordeaux,Pinot Noir,White,2010,10.9,3.13,13.8,127,3,9.57
1193,Bodega Del Sol,Tuscany,Malbec,Red,2022,12.8,3.47,0.4,39,5,30.94
1241,Vina Real,Tuscany,Malbec,Red,2017,14.6,3.51,3.7,136,5,20.75
1313,Bodega Serrano,Tuscany,Sauvignon Blanc,White,2015,11.4,2.97,8.0,69,,23.54
1262,Quinta Do Vale,Bordeaux,Syrah,Red,2020,11.3,3.26,3.4,124,5,39.36
1366,Domaine Perrier,Douro,Chardonnay,White,2011,12.2,3.15,5.9,126,4,48.26
1329,Quinta Do Vale,Rioja,Grenache,White,2010,12.6,3.19,2.7,89,6,25.25
1151,Bodega Serrano,Rioja,Chardonnay,White,2015,10.8,3.27,2.1,84,9,
1169,Chateau Lacroix,Rioja,Riesling,White,2007,12.6,3.24,6.5,56,5,30.65
1002,Tenuta Rossi,Bordeaux,Malbec,White,2016,12.9,2.95,10.1,20,6,15.19
1079,Chateau Roussel,Tuscany,Merlot,Red,2018,13.1,3.64,1.6,122,7,30.0
1163,Domaine Lafont,Barossa Valley,Malbec,White,2014,10.4,3.31,7.7,116,6,21.52
1308,Cantina Antica,Tuscany,Merlot,White,2019,11.9,3.17,6.7,117,7,31.76
1074,Bodega Del Sol,Barossa Valley,Chardonnay,Rose,2022,12.7,3.35,1.0,159,6,13.19
1255,Tenuta Rossi,Tuscany,Cabernet Sauvignon,Red,2017,12.3,3.63,2.4,76,8,8.02
1207,Clos Saint-Marc,Priorat,Chardonnay,Red,2009,15.0,3.71,3.6,63,7,6.0
1012,Vina Alta,Rioja,Tempranillo,Red,2022,15.0,3.85,2.1,104,4,14.11
1365,Weingut Hoffmann,Napa Valley,Sauvignon Blanc,White,2015,11.9,3.39,5.9,59,5,32.13
1154,Bodega Del Sol,Barossa Valley,Chardonnay,Red,2009,14.6,3.51,1.1,66,5,19.42
1083,Bodega Del Sol,Napa Valley,Cabernet Sauvignon,Red,2021,13.6,3.7,1.0,79,4,21.67
1229,Domaine Perrier,Barossa Valley,Merlot,Red,2021,12.0,3.7,1.8,123,9,16.79
1299,Clos des Cimes,Champagne,Cabernet Sauvignon,Red,2020,12.8,3.55,2.8,88,7,24.82
1407,Chateau Roussel,Rioja,Malbec,Red,2008,14.7,3.46,0.4,106,4,23.2
1370,Tenuta Bianchi,Bordeaux,Grenache,Red,2010,11.7,3.27,4.1,87,7,16.84
1281,Vina Alta,Bordeaux,Riesling,White,2013,11.8,2.9,7.8,119,5,43.13
1017,Domaine Girard,Bordeaux,Grenache,Red,2021,13.1,3.64,3.0,88,7,26.47
1105,Vina Real,Barossa Valley,Tempranillo,Red,2010,13.5,3.43,4.5,87,7,50.42
1094,Weingut Muller,Rioja,Malbec,Red,2007,13.0,3.68,4.9,58,4,43.87
1189,Tenuta Rossi,Douro,Merlot,White,2009,12.0,2.91,3.3,82,7,
1302,Weingut Hoffmann,Bordeaux,Pinot Noir,Red,2021,13.7,3.55,0.8,119,3,25.84
1225,Chateau Lacroix,Tuscany,Cabernet Sauvignon,Red,2023,12.4,3.47,1.3,40,5,21.58
1064,Domaine Perrier,Douro,Tempranillo,White,2022,12.6,3.31,3.0,66,5,12.14
1162,Domaine Lafont,Rioja,Merlot,Red,2014,11.8,3.62,1.4,74,6,7.79
1021,Quinta Do Vale,Napa Valley,Malbec,White,2005,14.0,3.43,7.0,123,7,22.08
1059,Tenuta Bianchi,Rioja,Riesling,Red,2019,15.2,3.33,1.2,64,7,14.57
1121,Cantina Antica,Bordeaux,Malbec,Red,2019,14.1,3.47,1.0,20,6,27.11
1291,Weingut Muller,Rioja,Malbec,White,2008,13.3,3.17,10.8,123,9,46.55
1078,Tenuta Rossi,Tuscany,Malbec,Red,2008,14.3,3.27,4.4,98,8,13.16
1250,Weingut Hoffmann,Mendoza,Tempranillo,White,2010,13.3,3.33,0.9,110,7,32.21
1093,Chateau Beaumont,Barossa Valley,Grenache,Red,2015,13.8,3.54,3.0,82,4,13.32
1146,Clos des Cimes,Napa Valley,Grenache,Red,2018,13.1,3.48,1.0,59,7,28.26
1274,Chateau Beaumont,Mendoza,Grenache,White,2007,11.2,3.32,2.6,68,6,40.85
1082,Chateau Lacroix,Priorat,Grenache,White,2022,14.5,3.22,1.8,78,7,22.51
1085,Cantina Antica,Mendoza,Tempranillo,Red,2014,14.4,3.56,0.9,107,7,27.34
1233,Domaine Perrier,Rioja,Tempranillo,Red,2021,13.9,3.32,0.3,55,4,13.91
1145,Weingut Muller,Mendoza,Cabernet Sauvignon,Red,2021,14.1,3.49,2.2,101,5,20.85
1379,Chateau Roussel,Tuscany,Merlot,Red,2022,12.4,3.21,1.9,48,7,133.0
1340,Weingut Hoffmann,Rioja,Malbec,Rose,2008,12.9,3.17,4.9,151,6,16.88
1024,Cantina Verde,Tuscany,Sauvignon Blanc,White,2012,12.7,3.17,2.9,118,6,25.6
1346,Vina Alta,Bordeaux,Sauvignon Blanc,Red,2013,14.8,3.6,0.3,81,9,67.64
1371,Vina Alta,Tuscany,Sauvignon Blanc,Red,2021,13.2,3.59,4.7,122,6,7.81
1247,Chateau Roussel,Mendoza,Tempranillo,Rose,2012,13.8,3.25,5.1,125,7,25.95
1116,Quinta Do Vale,Bordeaux,Chardonnay,Red,2013,14.0,3.62,1.9,131,9,7.08
1133,Vina Alta,Douro,Tempranillo,Rose,2014,11.9,3.44,3.9,76,3,33.64
1087,Bodega Del Sol,Barossa Valley,Syrah,White,2018,12.5,3.04,5.4,66,7,15.68
1156,Bodega Serrano,Napa Valley,Sauvignon Blanc,Red,2013,13.5,3.42,0.7,70,9,23.55
1330,Chateau Lacroix,Bordeaux,Syrah,Red,2012,13.2,3.57,0.5,92,6,13.76
1290,Weingut Hoffmann,Tuscany,Chardonnay,Red,2009,13.9,3.14,0.5,85,8,14.93
1155,Domaine Lafont,Napa Valley,Cabernet Sauvignon,Red,2021,13.2,3.26,0.8,78,5,49.64
1351,Domaine Girard,Bordeaux,Pinot Noir,Red,2010,12.9,3.73,0.9,81,4,39.16
1326,Cantina Verde,Napa Valley,Malbec,White,2005,13.4,3.1,7.0,124,8,11.97
1280,Weingut Muller,Rioja,Syrah,White,2015,12.9,3.01,3.1,69,6,40.19
1271,Domaine Perrier,Tuscany,Cabernet Sauvignon,White,2011,11.8,3.22,1.2,96,5,
1303,Chateau Roussel,Napa Valley,Chardonnay,Rose,2019,11.7,2.96,1.6,96,5,56.61
1368,Clos des Cimes,Napa Valley,Cabernet Sauvignon,Red,2011,13.0,3.66,3.0,105,5,19.09
1167,Quinta Do Vale,Napa Valley,Grenache,Red,2010,12.9,3.27,3.4,76,8,16.66
1175,Tenuta Bianchi,Napa Valley,Grenache,White,2023,12.8,3.26,4.0,61,4,57.49
1296,Quinta Do Vale,Tuscany,Syrah,White,2022,8.7,3.2,5.3,75,7,30.73
1210,Cantina Verde,Rioja,Grenache,Red,2010,14.6,3.67,0.8,100,6,7.93
1393,Cantina Verde,Mendoza,Riesling,White,2017,11.6,2.99,2.4,64,7,32.96
1336,Cantina Verde,Mendoza,Grenache,Red,2023,12.5,3.45,2.0,66,7,10.28
1118,Vina Real,Napa Valley,Sauvignon Blanc,White,2012,12.6,2.9,2.7,125,7,19.68
1334,Quinta Do Vale,Napa Valley,Pinot Noir,White,2022,11.6,3.19,6.1,40,7,32.23
1372,Cantina Antica,Bordeaux,Tempranillo,Red,2014,13.5,3.39,0.4,36,7,20.55
1352,Weingut Muller,Tuscany,Sauvignon Blanc,Red,2011,13.9,3.58,4.2,85,8,14.0
1384,Tenuta Bianchi,Mendoza,Malbec,White,2018,10.4,3.08,4.2,30,8,30.38
1010,Vina Real,Mendoza,Pinot Noir,White,2022,12.7,3.34,5.6,143,5,39.68
1227,Domaine Lafont,Mosel,Syrah,White,2015,12.4,3.01,2.6,85,6,31.15
1215,Tenuta Bianchi,Champagne,Grenache,White,2023,13.5,3.2,18.2,98,8,27.98
1177,Quinta Do Vale,Napa Valley,Pinot Noir,White,2010,11.4,3.16,2.8,121,7,20.31
1242,Bodega Serrano,Mendoza,Chardonnay,Red,2014,14.1,3.64,2.2,103,5,9.11
1067,Weingut Muller,Bordeaux,Syrah,White,2007,12.8,3.06,3.6,106,4,15.22
1277,Clos des Cimes,Tuscany,Pinot Noir,White,2012,11.4,3.06,1.4,79,,23.14
1213,Domaine Lafont,Douro,Cabernet Sauvignon,White,2009,9.9,2.94,9.0,147,4,17.82
1150,Domaine Perrier,Rioja,Syrah,Red,2017,12.0,3.56,0.9,119,5,61.74
1011,Clos Saint-Marc,Napa Valley,Syrah,Red,2021,12.7,3.55,2.0,145,6,9.77
1321,Quinta Nova,Napa Valley,Riesling,Red,2018,13.5,3.57,1.5,78,5,
1266,Domaine Perrier,Napa Valley,Chardonnay,Red,2019,14.1,3.77,0.5,56,6,17.01
1395,Domaine Girard,Tuscany,Chardonnay,White,2011,10.4,3.12,1.0,37,6,11.52
1077,Bodega Del Sol,Tuscany,Tempranillo,White,2007,11.7,3.24,1.4,43,5,14.81
1254,Cantina Verde,Rioja,Riesling,Red,2022,12.8,3.34,0.7,102,5,39.01
1075,Weingut Muller,Bordeaux,Cabernet Sauvignon,Red,2005,12.3,3.77,0.8,75,7,8.9
1057,Domaine Perrier,Barossa Valley,Tempranillo,Red,2021,13.1,3.3,1.6,71,6,9.07
1374,Tenuta Rossi,Rioja,Tempranillo,Red,2013,13.9,3.63,0.3,66,6,16.02
1084,Chateau Beaumont,Bordeaux,Grenache,Red,2007,13.2,3.79,1.6,81,8,10.0
1055,Quinta Do Vale,Rioja,Malbec,White,2006,11.1,3.19,2.9,55,7,21.64
1039,Domaine Girard,Tuscany,Merlot,Red,2011,12.6,3.53,1.1,144,6,28.27
1147,Vina Real,Bordeaux,Riesling,Red,2012,13.9,3.36,3.4,129,5,12.21
1091,Chateau Lacroix,Bordeaux,Merlot,White,2021,10.9,3.31,0.7,70,6,24.95
1200,Domaine Lafont,Barossa Valley,Pinot Noir,Red,2018,14.6,3.54,2.6,122,6,30.79
1007,Weingut Hoffmann,Bordeaux,Pinot Noir,Red,2007,12.4,3.68,1.5,20,5,24.77
1044,Cantina Verde,Champagne,Merlot,Red,2018,11.7,3.52,3.2,28,6,11.73
1234,Vina Real,Rioja,Merlot,White,2007,11.5,3.27,2.9,42,4,24.34
1096,Weingut Muller,Douro,Grenache,White,2017,12.4,3.24,7.0,136,5,9.59
1033,Cantina Antica,Rioja,Sauvignon Blanc,Red,2020,12.8,3.39,0.3,86,7,21.07
1354,Weingut Hoffmann,Champagne,Sauvignon Blanc,Red,2012,13.3,3.0,0.9,91,8,16.79
1344,Domaine Perrier,Napa Valley,Cabernet Sauvignon,Red,2010,14.8,3.48,1.1,100,6,25.14
1188,Weingut Muller,Bordeaux,Pinot Noir,White,2007,11.9,3.15,6.3,82,4,10.91
1419,Clos des Cimes,Tuscany,Sauvignon Blanc,Red,2019,14.4,3.24,0.3,100,4,12.63
1369,Clos Saint-Marc,Tuscany,Syrah,White,2018,12.3,3.12,4.6,71,5,15.41
1149,Domaine Perrier,Bordeaux,Syrah,Red,2005,13.6,3.63,3.9,92,3,39.64
1362,Weingut Muller,Bordeaux,Pinot Noir,White,2006,11.8,3.11,12.2,105,5,18.1
1347,Cantina Verde,Douro,Malbec,Red,2017,11.8,3.48,2.3,119,10,24.96
1272,Tenuta Rossi,Rioja,Malbec,White,2011,10.3,3.08,6.2,90,6,18.86
1397,Tenuta Rossi,Napa Valley,Pinot Noir,White,2010,12.0,3.35,3.7,94,5,31.88
1240,Chateau Roussel,Barossa Valley,Tempranillo,White,2010,11.9,3.21,3.9,97,5,27.96
1062,Clos Saint-Marc,Napa Valley,Merlot,Red,2010,12.7,3.09,0.3,81,8,9.22
1269,Chateau Roussel,Rioja,Chardonnay,Red,2015,12.9,3.61,4.1,155,6,27.49
1256,Cantina Verde,Rioja,Cabernet Sauvignon,Rose,2019,11.7,3.47,4.2,65,7,6.0
1248,Quinta Nova,Rioja,Sauvignon Blanc,Red,2019,15.1,3.61,7.8,56,8,18.43
1231,Domaine Perrier,Barossa Valley,Merlot,Red,2005,12.9,3.58,2.1,122,5,25.8
1176,Domaine Perrier,Rioja,Chardonnay,White,2008,12.7,3.4,4.5,112,7,8.27
1190,Domaine Perrier,Napa Valley,Grenache,White,2005,12.9,2.93,2.7,32,6,16.08
1032,Chateau Roussel,Priorat,Grenache,White,2019,10.7,2.96,4.4,20,5,32.38
1027,Chateau Lacroix,Champagne,Syrah,Red,2015,13.1,3.41,2.9,76,5,7.79
1141,Tenuta Bianchi,Rioja,Cabernet Sauvignon,White,2013,12.7,2.9,5.3,83,7,8.89
1216,Chateau Roussel,Bordeaux,Merlot,Rose,2019,13.1,3.26,5.5,103,4,8.78
1348,Chateau Roussel,Mosel,Sauvignon Blanc,Red,2020,12.9,3.57,1.0,72,6,53.89
1257,Quinta Do Vale,Rioja,Sauvignon Blanc,Red,2021,13.1,3.57,5.7,67,7,14.07
1136,Clos des Cimes,Mendoza,Chardonnay,Red,2017,14.0,3.29,0.3,98,7,15.78
1180,Domaine Perrier,Tuscany,Chardonnay,Red,2006,12.5,3.56,0.7,62,6,36.26
1164,Vina Real,Rioja,Sauvignon Blanc,Red,2009,14.4,3.58,1.3,114,7,10.02
1115,Cantina Antica,Champagne,Malbec,Red,2006,14.0,3.29,0.9,113,6,52.32
1381,Quinta Do Vale,Napa Valley,Syrah,Red,2008,13.7,3.39,0.3,95,5,19.74
1107,Clos des Cimes,Champagne,Syrah,Red,2020,13.1,3.32,0.3,20,8,12.61
1359,Chateau Lacroix,Mendoza,Riesling,Red,2010,12.7,3.64,4.4,43,6,6.37
1297,Tenuta Rossi,Barossa Valley,Pinot Noir,Red,2011,11.6,3.48,5.1,85,6,14.68
1385,Domaine Lafont,Napa Valley,Pinot Noir,Rose,2007,12.2,3.18,0.9,137,,25.34
1377,Tenuta Rossi,Mosel,Tempranillo,White,2019,11.4,3.39,8.7,108,6,34.78
1244,Tenuta Bianchi,Rioja,Cabernet Sauvignon,Red,2013,13.6,3.22,2.3,142,8,18.81
1332,Bodega Serrano,Napa Valley,Cabernet Sauvignon,White,2012,11.7,3.11,4.3,145,7,7.22
1058,Quinta Nova,Bordeaux,Merlot,White,2018,11.0,3.42,7.7,45,5,39.62
1276,Quinta Do Vale,Champagne,Riesling,Red,2009,13.5,3.51,2.3,118,6,15.28
1122,Weingut Muller,Douro,Malbec,Red,2013,13.2,3.16,1.1,69,6,21.31
1418,Clos Saint-Marc,Barossa Valley,Merlot,Red,2020,13.5,3.76,0.3,108,6,11.06
1070,Quinta Do Vale,Tuscany,Grenache,White,2015,12.7,3.09,0.9,115,6,18.0
1104,Bodega Serrano,Rioja,Merlot,White,2012,11.8,2.9,8.9,85,7,25.89
1396,Bodega Del Sol,Bordeaux,Grenache,Red,2006,14.8,3.39,6.1,54,5,6.63
1363,Domaine Girard,Napa Valley,Grenache,White,2022,12.5,3.33,5.3,115,7,16.15
1287,Cantina Verde,Bordeaux,Pinot Noir,Red,2007,12.6,3.49,0.4,38,5,26.66
1034,Bodega Del Sol,Mendoza,Chardonnay,Red,2018,12.4,3.64,1.3,23,8,26.69
1360,Domaine Perrier,Rioja,Tempranillo,Red,2010,13.8,3.57,0.6,89,8,
1286,Cantina Antica,Napa Valley,Merlot,Red,2013,11.8,3.81,1.8,117,5,19.17
1331,Chateau Beaumont,Bordeaux,Merlot,Red,2009,13.5,3.55,0.3,139,7,16.04
1089,Clos des Cimes,Bordeaux,Merlot,Red,2020,12.1,3.56,2.2,127,5,42.1
1405,Cantina Verde,Bordeaux,Grenache,White,2007,12.6,3.17,6.4,99,6,25.49
1409,Domaine Girard,Bordeaux,Merlot,Red,2014,11.8,3.68,4.4,104,8,20.91
1020,Quinta Nova,Mendoza,Chardonnay,White,2021,9.6,3.18,3.7,150,6,24.32
1316,Tenuta Rossi,Tuscany,Merlot,Red,2013,13.1,3.44,0.6,73,7,20.76
1238,Weingut Hoffmann,Rioja,Sauvignon Blanc,Red,2015,12.5,3.69,1.5,137,7,24.98
1187,Domaine Lafont,Tuscany,Tempranillo,White,2005,11.3,2.9,1.5,48,8,11.07
1196,Bodega Del Sol,Mendoza,Grenache,Red,2020,12.5,3.55,1.7,72,7,7.7
1056,Clos Saint-Marc,Rioja,Tempranillo,Red,2006,13.8,3.74,0.7,48,6,44.22
1026,Vina Alta,Tuscany,Grenache,Red,2013,14.4,3.56,1.8,58,3,27.22
1186,Chateau Beaumont,Rioja,Pinot Noir,Red,2017,12.3,3.27,4.1,103,7,14.59
1345,Quinta Do Vale,Bordeaux,Chardonnay,Red,2011,13.7,3.73,0.7,88,6,25.89
1263,Weingut Muller,Bordeaux,Malbec,Red,2006,13.1,3.38,0.8,119,5,8.54
1028,Chateau Lacroix,Mendoza,Pinot Noir,Red,2023,13.0,3.74,0.3,48,7,27.05
1376,Domaine Perrier,Tuscany,Syrah,White,2015,12.7,2.9,6.6,148,6,19.29
1171,Bodega Serrano,Mendoza,Pinot Noir,White,2005,11.1,3.17,11.1,71,7,37.0
1317,Vina Real,Rioja,Syrah,Red,2019,14.6,3.46,0.8,143,6,8.79
1041,Quinta Do Vale,Barossa Valley,Syrah,Rose,2018,12.3,3.2,2.6,60,7,42.35
1350,Cantina Verde,Mendoza,Malbec,White,2023,13.7,3.54,4.9,118,8,10.31
1403,Weingut Muller,Napa Valley,Chardonnay,Red,2006,14.0,3.8,2.3,130,7,13.14
